<?xml version="1.0" encoding="UTF-8"?>
<routes xmlns="http://camel.apache.org/schema/spring">
<!-- This route should be dynamically loaded at runtime -->
      <route id="contactUpdateWSRoute">
            <from uri="cxf:/ContactUpdate?serviceClass=com.businessagility.poc.webservices.contactupdate.ContactUpdatePortType&amp;dataFormat=PAYLOAD"/>
            <to uri="log:com.businessagility.poc.camelpoc?showAll=true&amp;multiline=true&amp;level=DEBUG"/>
            <to uri="xslt:file:/AB2/configuration/xslt/mapContactName.xslt"/>
            <to uri="log:com.businessagility.poc.camelpoc?showAll=true&amp;multiline=true&amp;level=DEBUG"/>
            <to uri="file:///AB2/output/outputCU?fileName=contactupdate-$simple{date:now:yyyyMMdd-HHmmss}.xml"/>
            <to uri="velocity:file:/AB2/configuration/vm/contactUpdateResponse.vm"/>
            <to uri="log:com.businessagility.poc.camelpoc?showAll=true&amp;multiline=true&amp;level=DEBUG"/>
        </route>
		
</routes>